{"1. FC K\u00f6ln": 15.135231412272685, "1. FC Union Berlin": 15.523757085185755, "1. FSV Mainz 05": 15.134020152533033, "AC Milan": 16.05382828969532, "AEK Athens": 15.327782146346225, "AFC Bournemouth": 15.771728187286014, "AS Monaco": 16.086160515055486, "AS Saint-\u00c9tienne": 14.757234194704514, "Ajax": 15.08271779556768, "Al Ahli SFC": 15.769296820338722, "Al Ain": 14.775043087362832, "Al Hilal": 16.622378344529615, "Al Nassr": 16.701100071867394, "Alkmaar Zaanstreek": 14.666469466324983, "Arsenal": 16.566219393535896, "Aston Villa": 15.861912017711102, "Atalanta": 16.13186323145456, "Athletic Club": 16.265366339031374, "Atl\u00e9tico Madrid": 16.303746740360644, "BSC Young Boys": 14.610124719658085, "Bayer 04 Leverkusen": 16.541676743632188, "Be\u015fikta\u015f JK": 15.346733514295773, "Birmingham City": 14.629904990336813, "Bologna": 15.990503799960328, "Borussia Dortmund": 16.487554769450043, "Borussia M\u00f6nchengladbach": 15.712184625392124, "Brentford": 15.855087595926976, "Brighton & Hove Albion": 16.059450429808933, "Burnley": 14.91658948120631, "Cagliari": 15.042640349375834, "Celtic": 15.330479270976832, "Chelsea": 16.324642279955746, "Club Brugge KV": 15.24177962433549, "Columbus Crew": 14.35245438255256, "Como": 15.073247234706999, "Crystal Palace": 15.697980156479451, "Dinamo Zagreb": 14.934815597190932, "Eintracht Frankfurt": 15.744810701593016, "Empoli": 14.700892614747827, "Estudiantes de La Plata": 14.937915893421655, "Everton": 15.449013363862873, "FC Augsburg": 15.16247486537482, "FC Barcelona": 16.43343911231847, "FC Basel 1893": 14.54691381879195, "FC Bayern M\u00fcnchen": 16.71540116910297, "FC Midtjylland": 14.710377744029769, "FC Porto": 15.76740175860575, "FC Red Bull Salzburg": 14.947468397873381, "FC Schalke 04": 13.892375812710883, "FC Twente": 15.376411227496368, "FC Utrecht": 14.836813143166818, "Fenerbah\u00e7e SK": 15.966317655218601, "Feyenoord": 15.717269843490262, "Fiorentina": 16.08045639605895, "Fulham FC": 15.581266178514477, "Galatasaray SK": 15.968782549039915, "Genoa": 14.987529776972519, "Getafe CF": 15.32798346678999, "Girona FC": 15.833275661143132, "Granada CF": 14.860303758693522, "Hajduk Split": 14.711435563868488, "Hamburger SV": 14.058990161122601, "Hellas Verona FC": 15.0429479581373, "Hertha BSC": 14.517474200162955, "Huddersfield Town": 13.530676197711426, "Hull City": 14.545617401262836, "Inter": 16.3250497392154, "Inter Miami": 15.601648714462245, "Ipswich Town": 15.325665157587252, "Juventus": 16.689586869883804, "KRC Genk": 14.968044565642787, "KVC Westerlo": 14.581737948624074, "Lazio": 16.215168604656473, "Lecce": 15.022149808220078, "Leeds United": 15.395435384747827, "Leicester City": 15.164152627285223, "Lille OSC": 15.810697150844339, "Liverpool": 16.997576811546274, "Los Angeles FC": 14.90500411197997, "Manchester City": 16.651178550409977, "Manchester United": 16.132548838421528, "Montpellier HSC": 15.239894729122351, "Monza": 15.597732922300054, "Napoli": 16.33321555172773, "New York City FC": 13.786539646999396, "Newcastle United": 15.677554050904531, "Norwich City": 14.65242167114552, "Nottingham Forest": 16.078004728301806, "OGC Nice": 16.110123214328194, "Olympiacos FC": 15.236770684275163, "Olympique Lyonnais": 15.862612380342076, "Olympique de Marseille": 15.787040557417685, "Others": 14.150028994683737, "PAOK": 14.63523509201276, "PSV": 15.949318452426636, "Paris FC": 14.493417423408411, "Paris Saint-Germain": 16.733427846443213, "Parma": 14.830233136424324, "Preston North End": 14.114393396060171, "RB Leipzig": 16.086469071814484, "RC Celta": 15.128776776214663, "RC Lens": 15.77050880882652, "RC Strasbourg Alsace": 15.264323636388939, "RCD Espanyol": 15.060166743297128, "RCD Mallorca": 15.597372070304958, "RSC Anderlecht": 15.251861597890361, "Rangers FC": 14.835660271818881, "Rayo Vallecano": 15.105402798827305, "Real Betis Balompi\u00e9": 15.922377420329743, "Real Madrid": 17.321190948226285, "Real Salt Lake": 13.68099633107889, "Real Sociedad": 15.736778712800056, "Real Valladolid CF": 14.711816753019285, "River Plate": 15.505060546058989, "Roma": 16.222481752231953, "Royal Antwerp FC": 14.861685735076732, "SC Freiburg": 15.775207719723946, "SK Slavia Praha": 15.259685396540407, "SL Benfica": 16.102574187402237, "Sampdoria": 14.35384222741289, "Sassuolo": 15.227705986216543, "Sevilla FC": 15.677566897709315, "Shakhtar Donetsk": 15.01052553859108, "Sheffield United": 15.029481520091775, "Southampton": 15.020641598116184, "Sparta Praha": 15.322554991134162, "Sporting CP": 16.00703293732453, "Sporting Clube de Braga": 15.699623474152549, "Stade Rennais FC": 15.312674682035354, "Stade de Reims": 15.32496833270113, "Stoke City": 14.458505267924048, "Sunderland": 14.646934413962308, "TSG 1899 Hoffenheim": 15.59227846696316, "Talleres": 14.52758683339132, "Torino": 15.827858392340527, "Tottenham Hotspur": 16.33485221786498, "Toulouse FC": 14.627899881961138, "Trabzonspor": 15.38863956893905, "UD Almer\u00eda": 14.995969668235244, "UD Las Palmas": 15.60860276025877, "Udinese": 15.164019411317271, "Valencia CF": 15.795776900076216, "VfB Stuttgart": 15.510834318346877, "VfL Wolfsburg": 16.054486467663217, "Villarreal CF": 16.011683828312055, "Vit\u00f3ria SC": 14.6963084089071, "Watford": 14.130117066815478, "West Ham United": 15.827353937751663, "Wolverhampton Wanderers": 15.42250313356026}